{
	"credit": "Made with Blockbench by Oslypsis",
	"parent": "minecraft:block/os_tinted_cross",
	"textures": {
		"cross": "block/tall_grass_top3",
		"overlay": "block/tall_grass_top3_overlay"
	},
	"elements": [
		{
			"from": [0.8, 0, 8],
			"to": [15.2, 16, 8],
			"shade": false,
			"rotation": {"angle": 45, "axis": "y", "origin": [8, 8.17449, 8], "rescale": true},
			"faces": {
				"north": {"uv": [0, 0, 14.4, 16], "texture": "#cross", "tintindex": 0},
				"east": {"uv": [0, 0, 0, 0], "texture": "#cross"},
				"south": {"uv": [16, 0, 0, 16], "texture": "#cross", "tintindex": 0},
				"west": {"uv": [0, 0, 0, 0], "texture": "#cross"},
				"up": {"uv": [0, 0, 0, 0], "texture": "#cross"},
				"down": {"uv": [0, 0, 0, 0], "texture": "#cross"}
			}
		},
		{
			"from": [8, 0, 0.8],
			"to": [8, 16, 15.2],
			"shade": false,
			"rotation": {"angle": 45, "axis": "y", "origin": [8, 8.17449, 8], "rescale": true},
			"faces": {
				"north": {"uv": [0, 0, 0, 16], "texture": "#cross"},
				"east": {"uv": [0, 0, 16, 16], "texture": "#cross", "tintindex": 0},
				"south": {"uv": [0, 0, 0, 0], "texture": "#cross"},
				"west": {"uv": [16, 0, 0, 16], "texture": "#cross", "tintindex": 0},
				"up": {"uv": [0, 0, 0, 0], "texture": "#cross"},
				"down": {"uv": [0, 0, 0, 0], "texture": "#cross"}
			}
		},
		{
			"from": [0.8, 0, 8],
			"to": [15.2, 16, 8],
			"shade": false,
			"rotation": {"angle": 45, "axis": "y", "origin": [8, 8.17449, 8], "rescale": true},
			"faces": {
				"north": {"uv": [0, 0, 14.4, 16], "texture": "#overlay"},
				"east": {"uv": [0, 0, 0, 0], "texture": "#overlay"},
				"south": {"uv": [16, 0, 0, 16], "texture": "#overlay"},
				"west": {"uv": [0, 0, 0, 0], "texture": "#overlay"},
				"up": {"uv": [0, 0, 0, 0], "texture": "#overlay"},
				"down": {"uv": [0, 0, 0, 0], "texture": "#overlay"}
			}
		},
		{
			"from": [8, 0, 0.8],
			"to": [8, 16, 15.2],
			"shade": false,
			"rotation": {"angle": 45, "axis": "y", "origin": [8, 8.17449, 8], "rescale": true},
			"faces": {
				"north": {"uv": [0, 0, 0, 16], "texture": "#overlay"},
				"east": {"uv": [0, 0, 16, 16], "texture": "#overlay"},
				"south": {"uv": [0, 0, 0, 0], "texture": "#overlay"},
				"west": {"uv": [16, 0, 0, 16], "texture": "#overlay"},
				"up": {"uv": [0, 0, 0, 0], "texture": "#overlay"},
				"down": {"uv": [0, 0, 0, 0], "texture": "#overlay"}
			}
		}
	],
	"groups": [
		{
			"name": "group",
			"origin": [8, 8.17449, 8],
			"color": 0,
			"children": [0, 1]
		},
		{
			"name": "group",
			"origin": [8, 8.17449, 8],
			"color": 1,
			"children": [2, 3]
		}
	]
}