{
	"credit": "Made with Blockbench",
	"ambientocclusion": false,
	"textures": {
		"particle": "#fire"
	},
	"elements": [
		{
			"from": [0, 0, 0.01],
			"to": [16, 12.6, 0.01],
			"shade": false,
			"faces": {
				"north": {"uv": [0, 7, 16, 16], "texture": "#fire"},
				"south": {"uv": [0, 7, 16, 16], "texture": "#fire"}
			}
		},
		{
			"from": [0, 9.8, 0.03],
			"to": [16, 22.4, 0.03],
			"shade": false,
			"faces": {
				"north": {"uv": [0, 0, 16, 9], "texture": "#fire"},
				"south": {"uv": [0, 0, 16, 9], "texture": "#fire"}
			}
		}
	]
}